1.908665004,0,289.2679995,0,-1.908665004
0,0.05,289.2473853,0,0
0,0.1,289.1855091,0,0
3.719487894,0.15,289.1180006,0,-3.719487894
2.052861014,0.2,289.0679995,0,-2.052861014
0.139890652,0.25,289.0179995,0,-0.139890652
2.373037572,0.3,288.9679997,0,-2.373037572
1.468079593,0.35,288.9180005,0,-1.468079593
1.700717831,0.4,288.8680003,0,-1.700717831
1.661844323,0.45,288.8179992,0,-1.661844323
1.664666866,0.5,288.7679993,0,-1.664666866
1.662527651,0.55,288.7180003,0,-1.662527651
1.660800368,0.6,288.6680002,0,-1.660800368
1.659200955,0.65,288.6179997,0,-1.659200955
1.657261654,0.7,288.5679994,0,-1.657261654
1.655467195,0.75,288.5180006,0,-1.655467195
1.65317603,0.8,288.4680005,0,-1.65317603
1.651657077,0.85,288.4180008,0,-1.651657077
1.649233029,0.9,288.3679998,0,-1.649233029
1.647690444,0.95,288.318,0,-1.647690444
1.645190682,1,288.2679993,0,-1.645190682
1.643610178,1.05,288.2179993,0,-1.643610178
1.641374871,1.1,288.1680004,0,-1.641374871
1.639228852,1.15,288.1180003,0,-1.639228852
1.637492791,1.2,288.0679996,0,-1.637492791
1.635494873,1.25,288.0179998,0,-1.635494873
1.63358821,1.3,287.9680002,0,-1.63358821
1.630838627,1.35,287.9180002,0,-1.630838627
1.62863394,1.4,287.8680002,0,-1.62863394
1.627148277,1.45,287.8179998,0,-1.627148277
1.624738073,1.5,287.768,0,-1.624738073
1.622689642,1.55,287.7180005,0,-1.622689642
1.620556388,1.6,287.6680006,0,-1.620556388
1.618480492,1.65,287.6180001,0,-1.618480492
1.616513313,1.7,287.5680003,0,-1.616513313
1.614176793,1.75,287.518,0,-1.614176793
1.612320056,1.8,287.4679999,0,-1.612320056
1.610111425,1.85,287.4180004,0,-1.610111425
1.607922622,1.9,287.368,0,-1.607922622
1.606074685,1.95,287.3180005,0,-1.606074685
1.603671137,2,287.2680004,0,-1.603671137
1.601782347,2.05,287.2179999,0,-1.601782347
1.599684619,2.1,287.1680003,0,-1.599684619
1.597393304,2.15,287.1180003,0,-1.597393304
1.595502757,2.2,287.0680003,0,-1.595502757
1.593270797,2.25,287.0180004,0,-1.593270797
1.591201496,2.3,286.9680005,0,-1.591201496
1.589056886,2.35,286.9180001,0,-1.589056886
1.587074573,2.4,286.8680003,0,-1.587074573
1.58479803,2.45,286.8180006,0,-1.58479803
1.582729739,2.5,286.7680002,0,-1.582729739
1.580698566,2.55,286.7179996,0,-1.580698566
1.578546696,2.6,286.6679995,0,-1.578546696
1.57641725,2.65,286.6179997,0,-1.57641725
1.574279149,2.7,286.5679998,0,-1.574279149
1.572228332,2.75,286.5180002,0,-1.572228332
1.569918674,2.8,286.4679992,0,-1.569918674
1.568302189,2.85,286.4180006,0,-1.568302189
1.565384464,2.9,286.3680003,0,-1.565384464
1.564008383,2.95,286.3180002,0,-1.564008383
1.561398546,3,286.2679994,0,-1.561398546
1.559665408,3.05,286.218,0,-1.559665408
1.557111421,3.1,286.1679999,0,-1.557111421
1.555347922,3.15,286.1179999,0,-1.555347922
1.552962563,3.2,286.0679994,0,-1.552962563
1.55113724,3.25,286.0180003,0,-1.55113724
1.548536079,3.3,285.9679997,0,-1.548536079
1.546897926,3.35,285.9179995,0,-1.546897926
1.54449226,3.4,285.8679998,0,-1.54449226
1.542339292,3.45,285.8179994,0,-1.542339292
1.540465573,3.5,285.7680004,0,-1.540465573
1.537842489,3.55,285.7179998,0,-1.537842489
1.536252351,3.6,285.6679995,0,-1.536252351
1.533843651,3.65,285.6180006,0,-1.533843651
1.531533962,3.7,285.5680004,0,-1.531533962
1.529750288,3.75,285.5180003,0,-1.529750288
1.52729249,3.8,285.4679995,0,-1.52729249
1.525525654,3.85,285.4180006,0,-1.525525654
1.522854872,3.9,285.3680007,0,-1.522854872
1.521101454,3.95,285.3179999,0,-1.521101454
1.518935969,4,285.2680001,0,-1.518935969
1.516495945,4.05,285.2179994,0,-1.516495945
1.51481995,4.1,285.1680004,0,-1.51481995
1.512050665,4.15,285.1179997,0,-1.512050665
1.510578292,4.2,285.0680005,0,-1.510578292
1.507778633,4.25,285.0180003,0,-1.507778633
1.506142622,4.3,284.9680007,0,-1.506142622
1.50348439,4.35,284.9179992,0,-1.50348439
1.5019831,4.4,284.8679997,0,-1.5019831
1.499178021,4.45,284.8180004,0,-1.499178021
1.497321916,4.5,284.7680004,0,-1.497321916
1.495097572,4.55,284.7179997,0,-1.495097572
1.493143773,4.6,284.6680008,0,-1.493143773
1.490469407,4.65,284.6180005,0,-1.490469407
1.488812986,4.7,284.568,0,-1.488812986
1.4864845,4.75,284.5180005,0,-1.4864845
1.484097682,4.8,284.4680001,0,-1.484097682
1.482332553,4.85,284.4180007,0,-1.482332553
1.479734475,4.9,284.3680007,0,-1.479734475
1.477836976,4.95,284.3180004,0,-1.477836976
1.475519954,5,284.2679993,0,-1.475519954
1.473636395,5.05,284.2180004,0,-1.473636395
1.470887834,5.1,284.168,0,-1.470887834
1.46927151,5.15,284.1179995,0,-1.46927151
1.466823718,5.2,284.0679994,0,-1.466823718
1.464665202,5.25,284.0179994,0,-1.464665202
1.462497664,5.3,283.9679992,0,-1.462497664
1.46045472,5.35,283.9180005,0,-1.46045472
1.457795162,5.4,283.8679994,0,-1.457795162
1.456344852,5.45,283.8179998,0,-1.456344852
1.453444184,5.5,283.7679995,0,-1.453444184
1.451766572,5.55,283.7179998,0,-1.451766572
1.449225235,5.6,283.6679995,0,-1.449225235
1.44733881,5.65,283.6180002,0,-1.44733881
1.444814754,5.7,283.5680001,0,-1.444814754
1.442855432,5.75,283.5179996,0,-1.442855432
1.440723658,5.8,283.4680005,0,-1.440723658
1.438107909,5.85,283.4179999,0,-1.438107909
1.436458589,5.9,283.3679998,0,-1.436458589
1.433885911,5.95,283.3180001,0,-1.433885911
1.431733947,6,283.2679997,0,-1.431733947
1.429680428,6.05,283.2179994,0,-1.429680428
1.427471929,6.1,283.1680008,0,-1.427471929
1.424799293,6.15,283.1179995,0,-1.424799293
1.423428261,6.2,283.0679998,0,-1.423428261
1.420437977,6.25,283.0179997,0,-1.420437977
1.418677993,6.3,282.9679995,0,-1.418677993
1.416370285,6.35,282.9180002,0,-1.416370285
1.413982265,6.4,282.868,0,-1.413982265
1.412008562,6.45,282.8179998,0,-1.412008562
1.409701186,6.5,282.7680001,0,-1.409701186
1.407350887,6.55,282.7179996,0,-1.407350887
1.405429402,6.6,282.6679999,0,-1.405429402
1.402965856,6.65,282.6180008,0,-1.402965856
1.400597752,6.7,282.5679995,0,-1.400597752
1.399035766,6.75,282.5180005,0,-1.399035766
1.395923916,6.8,282.4680005,0,-1.395923916
1.394375724,6.85,282.4180003,0,-1.394375724
1.391816502,6.9,282.368,0,-1.391816502
1.389731426,6.95,282.3179999,0,-1.389731426
1.387515154,7,282.2680009,0,-1.387515154
1.385014422,7.05,282.2180006,0,-1.385014422
1.383179862,7.1,282.1680005,0,-1.383179862
1.380654808,7.15,282.1180005,0,-1.380654808
1.378504879,7.2,282.068,0,-1.378504879
1.376364738,7.25,282.0180001,0,-1.376364738
1.374000031,7.3,281.9680005,0,-1.374000031
1.371654699,7.35,281.9179994,0,-1.371654699
1.369893669,7.4,281.8680002,0,-1.369893669
1.36702211,7.45,281.8180007,0,-1.36702211
1.365048134,7.5,281.7679994,0,-1.365048134
1.36316003,7.55,281.7180002,0,-1.36316003
1.360178757,7.6,281.6679998,0,-1.360178757
1.358629902,7.65,281.6180001,0,-1.358629902
1.355934919,7.7,281.5680004,0,-1.355934919
1.353802364,7.75,281.5179999,0,-1.353802364
1.35164491,7.8,281.4679994,0,-1.35164491
1.349348331,7.85,281.4179996,0,-1.349348331
1.34700851,7.9,281.3679998,0,-1.34700851
1.344808142,7.95,281.3179996,0,-1.344808142
1.342600633,8,281.2679997,0,-1.342600633
1.3402281,8.05,281.2179995,0,-1.3402281
1.338184487,8.1,281.1680006,0,-1.338184487
1.335534988,8.15,281.1180005,0,-1.335534988
1.333639323,8.2,281.0680001,0,-1.333639323
1.331218732,8.25,281.0179999,0,-1.331218732
1.329020712,8.3,280.9680004,0,-1.329020712
1.326567639,8.35,280.9180001,0,-1.326567639
1.324512083,8.4,280.8679995,0,-1.324512083
1.322288953,8.45,280.8180005,0,-1.322288953
1.319592969,8.5,280.7679999,0,-1.319592969
1.317866091,8.55,280.7179997,0,-1.317866091
1.315242857,8.6,280.6679998,0,-1.315242857
1.313150407,8.65,280.6180008,0,-1.313150407
1.310559117,8.7,280.5680002,0,-1.310559117
1.308707554,8.75,280.5179997,0,-1.308707554
1.306252517,8.8,280.4680007,0,-1.306252517
1.303669115,8.85,280.418,0,-1.303669115
1.301863279,8.9,280.3679991,0,-1.301863279
1.299437422,8.95,280.3179999,0,-1.299437422
1.296815701,9,280.2679994,0,-1.296815701
1.295066187,9.05,280.2179997,0,-1.295066187
1.292386359,9.1,280.1680006,0,-1.292386359
1.290097639,9.15,280.1180001,0,-1.290097639
1.288036378,9.2,280.0679994,0,-1.288036378
1.285720562,9.25,280.0180004,0,-1.285720562
1.283011934,9.3,279.9679996,0,-1.283011934
1.281424059,9.35,279.9180005,0,-1.281424059
1.278409257,9.4,279.8680008,0,-1.278409257
1.276458514,9.45,279.8179997,0,-1.276458514
1.274314497,9.5,279.7679997,0,-1.274314497
1.271692357,9.55,279.7180003,0,-1.271692357
1.269490637,9.6,279.6680003,0,-1.269490637
1.267293637,9.65,279.6180006,0,-1.267293637
1.264767418,9.7,279.5680001,0,-1.264767418
1.262702816,9.75,279.5179997,0,-1.262702816
1.260245528,9.8,279.4679997,0,-1.260245528
1.257962183,9.85,279.4179997,0,-1.257962183
1.255626065,9.9,279.3679994,0,-1.255626065
1.253452178,9.95,279.3180001,0,-1.253452178
1.250775349,10,279.2679993,0,-1.250775349
1.248993334,10.05,279.2179996,0,-1.248993334
1.246179634,10.1,279.1679998,0,-1.246179634
1.244180512,10.15,279.1180004,0,-1.244180512
1.24159235,10.2,279.0680001,0,-1.24159235
1.239480576,10.25,279.0179994,0,-1.239480576
1.237173018,10.3,278.9679998,0,-1.237173018
1.234639557,10.35,278.9180001,0,-1.234639557
1.232411548,10.4,278.8679997,0,-1.232411548
1.23022223,10.45,278.8179999,0,-1.23022223
1.227697797,10.5,278.7680006,0,-1.227697797
1.225344203,10.55,278.7180003,0,-1.225344203
1.223166879,10.6,278.6679997,0,-1.223166879
1.220820306,10.65,278.6180001,0,-1.220820306
1.21825827,10.7,278.5679996,0,-1.21825827
1.216297061,10.75,278.5180003,0,-1.216297061
1.213463604,10.8,278.4679997,0,-1.213463604
1.211700741,10.85,278.4180004,0,-1.211700741
1.208722797,10.9,278.3679998,0,-1.208722797
1.206931688,10.95,278.3179994,0,-1.206931688
1.204351363,11,278.2680002,0,-1.204351363
1.201892701,11.05,278.2180005,0,-1.201892701
1.199667884,11.1,278.1680001,0,-1.199667884
1.197398949,11.15,278.1180002,0,-1.197398949
1.194889224,11.2,278.0680007,0,-1.194889224
1.192467801,11.25,278.0179997,0,-1.192467801
1.190525206,11.3,277.9680004,0,-1.190525206
1.187622309,11.35,277.9180008,0,-1.187622309
1.185533778,11.4,277.868,0,-1.185533778
1.183271958,11.45,277.8179997,0,-1.183271958
1.180752343,11.5,277.768,0,-1.180752343
1.178402901,11.55,277.7180003,0,-1.178402901
1.176051839,11.6,277.6680004,0,-1.176051839
1.173668433,11.65,277.618,0,-1.173668433
1.171448247,11.7,277.5680006,0,-1.171448247
1.168676409,11.75,277.5179995,0,-1.168676409
1.166900245,11.8,277.4679996,0,-1.166900245
1.164011668,11.85,277.4179999,0,-1.164011668
1.16188112,11.9,277.3680001,0,-1.16188112
1.159361699,11.95,277.3179995,0,-1.159361699
1.157321116,12,277.2680006,0,-1.157321116
1.154284132,12.05,277.2179997,0,-1.154284132
1.152677151,12.1,277.1679997,0,-1.152677151
1.149792812,12.15,277.1180005,0,-1.149792812
1.147411791,12.2,277.068,0,-1.147411791
1.145365067,12.25,277.0180003,0,-1.145365067
1.142560316,12.3,276.9679999,0,-1.142560316
1.140550364,12.35,276.9180003,0,-1.140550364
1.137763524,12.4,276.8679996,0,-1.137763524
1.135824018,12.45,276.8179999,0,-1.135824018
1.132973059,12.5,276.7679996,0,-1.132973059
1.131018572,12.55,276.7180004,0,-1.131018572
1.128114939,12.6,276.6679999,0,-1.128114939
1.126268113,12.65,276.6180002,0,-1.126268113
1.123389437,12.7,276.5680001,0,-1.123389437
1.121298246,12.75,276.5180002,0,-1.121298246
1.118757935,12.8,276.4680005,0,-1.118757935
1.116244331,12.85,276.4179994,0,-1.116244331
1.114197174,12.9,276.3679994,0,-1.114197174
1.111419555,12.95,276.3179997,0,-1.111419555
1.109134783,13,276.2679995,0,-1.109134783
1.106932226,13.05,276.2180008,0,-1.106932226
1.103978269,13.1,276.1680005,0,-1.103978269
1.102207469,13.15,276.1180008,0,-1.102207469
1.099260208,13.2,276.0680004,0,-1.099260208
1.097177025,13.25,276.018,0,-1.097177025
1.094702128,13.3,275.9680006,0,-1.094702128
1.09202044,13.35,275.9180002,0,-1.09202044
1.089957616,13.4,275.8679998,0,-1.089957616
1.087396612,13.45,275.8180006,0,-1.087396612
1.08471623,13.5,275.7679999,0,-1.08471623
1.082744531,13.55,275.7179997,0,-1.082744531
1.079992567,13.6,275.668,0,-1.079992567
1.077643938,13.65,275.6180003,0,-1.077643938
1.075159787,13.7,275.568,0,-1.075159787
1.072864857,13.75,275.518,0,-1.072864857
1.070317827,13.8,275.4680004,0,-1.070317827
1.067743645,13.85,275.4179995,0,-1.067743645
1.065745369,13.9,275.3680001,0,-1.065745369
1.062733728,13.95,275.3180001,0,-1.062733728
1.060667883,14,275.2679995,0,-1.060667883
1.05819012,14.05,275.2179997,0,-1.05819012
1.055583903,14.1,275.1679999,0,-1.055583903
1.053277204,14.15,275.1180003,0,-1.053277204
1.050642121,14.2,275.0679996,0,-1.050642121
1.048599996,14.25,275.0180007,0,-1.048599996
1.045473678,14.3,274.9680002,0,-1.045473678
1.043667862,14.35,274.9179996,0,-1.043667862
1.041011303,14.4,274.8680008,0,-1.041011303
1.038177245,14.45,274.8180003,0,-1.038177245
1.036302516,14.5,274.7680003,0,-1.036302516
1.033466157,14.55,274.7180006,0,-1.033466157
1.031061145,14.6,274.6680006,0,-1.031061145
1.028634084,14.65,274.6180003,0,-1.028634084
1.02617837,14.7,274.5679999,0,-1.02617837
1.023683045,14.75,274.5179996,0,-1.023683045
1.021264209,14.8,274.468,0,-1.021264209
1.018575103,14.85,274.4179992,0,-1.018575103
1.016579731,14.9,274.3680001,0,-1.016579731
1.013493117,14.95,274.3180005,0,-1.013493117
1.011364975,15,274.2679998,0,-1.011364975
1.008939077,15.05,274.2179996,0,-1.008939077
1.006349003,15.1,274.1680005,0,-1.006349003
1.003671848,15.15,274.1180001,0,-1.003671848
1.001631792,15.2,274.0680006,0,-1.001631792
0.998673981,15.25,274.0180006,0,-0.998673981
0.996508816,15.3,273.9680005,0,-0.996508816
0.99388074,15.35,273.9180005,0,-0.99388074
0.991401397,15.4,273.8680004,0,-0.991401397
0.988834475,15.45,273.8179994,0,-0.988834475
0.986661779,15.5,273.7679999,0,-0.986661779
0.983713288,15.55,273.7180003,0,-0.983713288
0.98145641,15.6,273.6680001,0,-0.98145641
0.978951904,15.65,273.6179998,0,-0.978951904
0.976437458,15.7,273.568,0,-0.976437458
0.973880526,15.75,273.5180002,0,-0.973880526
0.971324008,15.8,273.4679995,0,-0.971324008
0.969072053,15.85,273.4179996,0,-0.969072053
0.966211653,15.9,273.3679994,0,-0.966211653
0.964027232,15.95,273.3179999,0,-0.964027232
0.961164455,16,273.2679994,0,-0.961164455
0.959134903,16.05,273.2180005,0,-0.959134903
0.955874487,16.1,273.1679993,0,-0.955874487
0.954275853,16.15,273.1179996,0,-0.954275853
0.951031992,16.2,273.0680003,0,-0.951031992
0.948652387,16.25,273.0179993,0,-0.948652387
0.946619319,16.3,272.9680006,0,-0.946619319
0.943278651,16.35,272.9180007,0,-0.943278651
0.941328098,16.4,272.8679997,0,-0.941328098
0.938773941,16.45,272.818,0,-0.938773941
0.935938757,16.5,272.7680001,0,-0.935938757
0.933591378,16.55,272.7179995,0,-0.933591378
0.93123439,16.6,272.6680003,0,-0.93123439
0.928175982,16.65,272.6179997,0,-0.928175982
0.92632336,16.7,272.5680004,0,-0.92632336
0.92312984,16.75,272.5180005,0,-0.92312984
0.920952056,16.8,272.4679998,0,-0.920952056
0.918457249,16.85,272.418,0,-0.918457249
0.915579581,16.9,272.3679996,0,-0.915579581
0.913408038,16.95,272.3179995,0,-0.913408038
0.910612925,17,272.2679997,0,-0.910612925
0.908085849,17.05,272.2179994,0,-0.908085849
0.905688142,17.1,272.1679997,0,-0.905688142
0.902989433,17.15,272.1180005,0,-0.902989433
0.900357741,17.2,272.0680004,0,-0.900357741
0.897934241,17.25,272.0179997,0,-0.897934241
0.895437902,17.3,271.9679996,0,-0.895437902
0.89266005,17.35,271.9179995,0,-0.89266005
0.890282238,17.4,271.8679996,0,-0.890282238
0.887569638,17.45,271.8179994,0,-0.887569638
0.88517511,17.5,271.7679997,0,-0.88517511
0.882468119,17.55,271.7180006,0,-0.882468119
0.879801492,17.6,271.6680003,0,-0.879801492
0.87746344,17.65,271.6179999,0,-0.87746344
0.874788996,17.7,271.5680001,0,-0.874788996
0.872065396,17.75,271.5179996,0,-0.872065396
0.869777291,17.8,271.4679998,0,-0.869777291
0.866953241,17.85,271.4180003,0,-0.866953241
0.864321568,17.9,271.3679995,0,-0.864321568
0.862173308,17.95,271.3180004,0,-0.862173308
0.858817759,18,271.2679993,0,-0.858817759
0.857117216,18.05,271.2179996,0,-0.857117216
0.853810479,18.1,271.1679996,0,-0.853810479
0.85168433,18.15,271.1180006,0,-0.85168433
0.848670148,18.2,271.0680004,0,-0.848670148
0.846444479,18.25,271.0180001,0,-0.846444479
0.843640281,18.3,270.9679997,0,-0.843640281
0.841192886,18.35,270.9180003,0,-0.841192886
0.838324606,18.4,270.8680002,0,-0.838324606
0.835934433,18.45,270.8179995,0,-0.835934433
0.833458938,18.5,270.7680004,0,-0.833458938
0.830293395,18.55,270.7179995,0,-0.830293395
0.828493218,18.6,270.6680002,0,-0.828493218
0.825128956,18.65,270.6180008,0,-0.825128956
0.822780664,18.7,270.5679995,0,-0.822780664
0.820478797,18.75,270.5179995,0,-0.820478797
0.817354075,18.8,270.4679994,0,-0.817354075
0.815149337,18.85,270.4180001,0,-0.815149337
0.81215568,18.9,270.3680002,0,-0.81215568
0.809857018,18.95,270.3180005,0,-0.809857018
0.806970867,19,270.2680003,0,-0.806970867
0.804560941,19.05,270.2180005,0,-0.804560941
0.801716662,19.1,270.1680002,0,-0.801716662
0.799312396,19.15,270.1180005,0,-0.799312396
0.796430934,19.2,270.0680003,0,-0.796430934
0.793983668,19.25,270.0180001,0,-0.793983668
0.791283491,19.3,269.968,0,-0.791283491
0.788569891,19.35,269.9179996,0,-0.788569891
0.786143003,19.4,269.8680002,0,-0.786143003
0.783179267,19.45,269.8180003,0,-0.783179267
0.780708271,19.5,269.7679995,0,-0.780708271
0.778318386,19.55,269.7180008,0,-0.778318386
0.774947907,19.6,269.6680001,0,-0.774947907
0.773141934,19.65,269.6180003,0,-0.773141934
0.769774123,19.7,269.5679994,0,-0.769774123
0.767769219,19.75,269.5180001,0,-0.767769219
0.764434365,19.8,269.4679999,0,-0.764434365
0.762380136,19.85,269.4180004,0,-0.762380136
0.759183565,19.9,269.3679997,0,-0.759183565
0.75701899,19.95,269.3179997,0,-0.75701899
0.75402895,20,269.2680003,0,-0.75402895
0.751304466,20.05,269.2179997,0,-0.751304466
0.748988533,20.1,269.1679998,0,-0.748988533
0.745974608,20.15,269.1180001,0,-0.745974608
0.7434032,20.2,269.068,0,-0.7434032
0.740785203,20.25,269.0179999,0,-0.740785203
0.738045008,20.3,268.9679999,0,-0.738045008
0.73535767,20.35,268.9179998,0,-0.73535767
0.732788915,20.4,268.8680004,0,-0.732788915
0.729844494,20.45,268.8180003,0,-0.729844494
0.727428769,20.5,268.7680001,0,-0.727428769
0.724655974,20.55,268.7180006,0,-0.724655974
0.721780663,20.6,268.6680003,0,-0.721780663
0.719310779,20.65,268.6179994,0,-0.719310779
0.716619217,20.7,268.5679993,0,-0.716619217
0.713830779,20.75,268.5180001,0,-0.713830779
0.711013978,20.8,268.468,0,-0.711013978
0.70856866,20.85,268.4180001,0,-0.70856866
0.705641222,20.9,268.3679998,0,-0.705641222
0.703156962,20.95,268.3180004,0,-0.703156962
0.70008957,21,268.2679999,0,-0.70008957
0.697821517,21.05,268.2179998,0,-0.697821517
0.694765939,21.1,268.1679997,0,-0.694765939
0.692278961,21.15,268.1180002,0,-0.692278961
0.689336515,21.2,268.0680004,0,-0.689336515
0.686747167,21.25,268.0179998,0,-0.686747167
0.684176572,21.3,267.9680005,0,-0.684176572
0.680933378,21.35,267.9179994,0,-0.680933378
0.679003805,21.4,267.8679998,0,-0.679003805
0.675559023,21.45,267.8180005,0,-0.675559023
0.67312899,21.5,267.7680006,0,-0.67312899
0.670405947,21.55,267.7180005,0,-0.670405947
0.667548331,21.6,267.6679998,0,-0.667548331
0.665095838,21.65,267.6180003,0,-0.665095838
0.661855705,21.7,267.5679997,0,-0.661855705
0.659676446,21.75,267.5179996,0,-0.659676446
0.656632797,21.8,267.4680006,0,-0.656632797
0.653643198,21.85,267.4179996,0,-0.653643198
0.651549169,21.9,267.3679995,0,-0.651549169
0.648246876,21.95,267.3180001,0,-0.648246876
0.64557315,22,267.2679995,0,-0.64557315
0.643165999,22.05,267.2180001,0,-0.643165999
0.639954684,22.1,267.1680005,0,-0.639954684
0.637424447,22.15,267.1180003,0,-0.637424447
0.634689734,22.2,267.0680002,0,-0.634689734
0.631783817,22.25,267.0179996,0,-0.631783817
0.629221924,22.3,266.9679996,0,-0.629221924
0.626278078,22.35,266.9179998,0,-0.626278078
0.623618897,22.4,266.8680005,0,-0.623618897
0.620664894,22.45,266.8180004,0,-0.620664894
0.618064355,22.5,266.7679996,0,-0.618064355
0.615384127,22.55,266.718,0,-0.615384127
0.612269575,22.6,266.6680001,0,-0.612269575
0.609743047,22.65,266.6179997,0,-0.609743047
0.606996487,22.7,266.5680002,0,-0.606996487
0.603940557,22.75,266.5180001,0,-0.603940557
0.60141026,22.8,266.4679998,0,-0.60141026
0.598544516,22.85,266.4179999,0,-0.598544516
0.595753341,22.9,266.3680005,0,-0.595753341
0.592758597,22.95,266.3179998,0,-0.592758597
0.590368542,23,266.2679995,0,-0.590368542
0.58727171,23.05,266.2179999,0,-0.58727171
0.584521429,23.1,266.1680004,0,-0.584521429
0.581645433,23.15,266.1179997,0,-0.581645433
0.579209117,23.2,266.0680007,0,-0.579209117
0.575729349,23.25,266.0180002,0,-0.575729349
0.57357897,23.3,265.9679997,0,-0.57357897
0.570514878,23.35,265.9180005,0,-0.570514878
0.56738518,23.4,265.8679996,0,-0.56738518
0.565216932,23.45,265.8179996,0,-0.565216932
0.561868398,23.5,265.7680002,0,-0.561868398
0.559222875,23.55,265.7180006,0,-0.559222875
0.556333808,23.6,265.6680001,0,-0.556333808
0.553655073,23.65,265.6179998,0,-0.553655073
0.550722756,23.7,265.5679999,0,-0.550722756
0.547847222,23.75,265.5179999,0,-0.547847222
0.545130815,23.8,265.4680002,0,-0.545130815
0.54220653,23.85,265.4180006,0,-0.54220653
0.53924173,23.9,265.3679996,0,-0.53924173
0.536888294,23.95,265.3180005,0,-0.536888294
0.533312303,24,265.2680002,0,-0.533312303
0.531092062,24.05,265.2179999,0,-0.531092062
0.527969016,24.1,265.168,0,-0.527969016
0.525149585,24.15,265.1180004,0,-0.525149585
0.522214706,24.2,265.0680001,0,-0.522214706
0.519599145,24.25,265.0180004,0,-0.519599145
0.516446711,24.3,264.9680003,0,-0.516446711
0.513816697,24.35,264.9180004,0,-0.513816697
0.510783238,24.4,264.8680002,0,-0.510783238
0.508050595,24.45,264.818,0,-0.508050595
0.505195198,24.5,264.7680006,0,-0.505195198
0.502073671,24.55,264.7180004,0,-0.502073671
0.499490809,24.6,264.6679998,0,-0.499490809
0.496580007,24.65,264.6180001,0,-0.496580007
0.493517351,24.7,264.5680003,0,-0.493517351
0.490776939,24.75,264.5180002,0,-0.490776939
0.487826662,24.8,264.4679995,0,-0.487826662
0.485078324,24.85,264.4179992,0,-0.485078324
0.482160282,24.9,264.3680003,0,-0.482160282
0.478886878,24.95,264.3179996,0,-0.478886878
0.476658134,25,264.2679995,0,-0.476658134
0.47336178,25.05,264.2180007,0,-0.47336178
0.470160843,25.1,264.1679993,0,-0.470160843
0.468117768,25.15,264.1179993,0,-0.468117768
0.46438946,25.2,264.0679992,0,-0.46438946
0.462091977,25.25,264.0180006,0,-0.462091977
0.458602477,25.3,263.9680008,0,-0.458602477
0.456133091,25.35,263.9180005,0,-0.456133091
0.453000837,25.4,263.8679995,0,-0.453000837
0.450384877,25.45,263.818,0,-0.450384877
0.446985781,25.5,263.7679999,0,-0.446985781
0.444547651,25.55,263.7180003,0,-0.444547651
0.441227059,25.6,263.6680002,0,-0.441227059
0.438572951,25.65,263.6179999,0,-0.438572951
0.435597782,25.7,263.5680002,0,-0.435597782
0.432538459,25.75,263.5180004,0,-0.432538459
0.429704386,25.8,263.4680002,0,-0.429704386
0.426818876,25.85,263.4180003,0,-0.426818876
0.4236604,25.9,263.3679995,0,-0.4236604
0.421099942,25.95,263.3179995,0,-0.421099942
0.417734414,26,263.2679992,0,-0.417734414
0.415171384,26.05,263.2179995,0,-0.415171384
0.411908955,26.1,263.1679997,0,-0.411908955
0.409196662,26.15,263.1180002,0,-0.409196662
0.40610717,26.2,263.0680009,0,-0.40610717
0.402929462,26.25,263.0179993,0,-0.402929462
0.400703285,26.3,262.9679997,0,-0.400703285
0.396947996,26.35,262.9180004,0,-0.396947996
0.394264968,26.4,262.8679999,0,-0.394264968
0.391630655,26.45,262.8180008,0,-0.391630655
0.387907164,26.5,262.7679998,0,-0.387907164
0.385871643,26.55,262.7180001,0,-0.385871643
0.382162417,26.6,262.6680008,0,-0.382162417
0.379388509,26.65,262.6180003,0,-0.379388509
0.376609017,26.7,262.5679999,0,-0.376609017
0.373453183,26.75,262.5180001,0,-0.373453183
0.370469,26.8,262.4680004,0,-0.370469
0.367474921,26.85,262.4180001,0,-0.367474921
0.364556675,26.9,262.3679997,0,-0.364556675
0.36162358,26.95,262.3180003,0,-0.36162358
0.358312581,27,262.2679999,0,-0.358312581
0.355692592,27.05,262.2179995,0,-0.355692592
0.352573812,27.1,262.1679999,0,-0.352573812
0.349396407,27.15,262.118,0,-0.349396407
0.346697387,27.2,262.0680007,0,-0.346697387
0.343200823,27.25,262.0179997,0,-0.343200823
0.340820023,27.3,261.9679992,0,-0.340820023
0.337499563,27.35,261.9180003,0,-0.337499563
0.334159643,27.4,261.8679999,0,-0.334159643
0.331865343,27.45,261.8180007,0,-0.331865343
0.328009108,27.5,261.768,0,-0.328009108
0.325711956,27.55,261.7179995,0,-0.325711956
0.322297368,27.6,261.6679997,0,-0.322297368
0.319426366,27.65,261.6180007,0,-0.319426366
0.315963855,27.7,261.5679993,0,-0.315963855
0.313861827,27.75,261.5180001,0,-0.313861827
0.309678861,27.8,261.4679997,0,-0.309678861
0.307579012,27.85,261.4179997,0,-0.307579012
0.304028909,27.9,261.3680001,0,-0.304028909
0.30099602,27.95,261.3179995,0,-0.30099602
0.298326922,28,261.268,0,-0.298326922
0.294677234,28.05,261.2179994,0,-0.294677234
0.292298272,28.1,261.168,0,-0.292298272
0.288544495,28.15,261.1179994,0,-0.288544495
0.286112983,28.2,261.0679993,0,-0.286112983
0.282771039,28.25,261.0180006,0,-0.282771039
0.279365119,28.3,260.9679998,0,-0.279365119
0.277158576,28.35,260.9180009,0,-0.277158576
0.27303019,28.4,260.8680004,0,-0.27303019
0.270838597,28.45,260.8180003,0,-0.270838597
0.26726066,28.5,260.7680002,0,-0.26726066
0.264389581,28.55,260.7180003,0,-0.264389581
0.261114564,28.6,260.6679995,0,-0.261114564
0.258364161,28.65,260.6179996,0,-0.258364161
0.254969963,28.7,260.5680002,0,-0.254969963
0.251849588,28.75,260.5179996,0,-0.251849588
0.249221539,28.8,260.4680007,0,-0.249221539
0.245317059,28.85,260.418,0,-0.245317059
0.243055935,28.9,260.3679998,0,-0.243055935
0.239485022,28.95,260.3180004,0,-0.239485022
0.236226873,29,260.2679991,0,-0.236226873
0.233893292,29.05,260.2180004,0,-0.233893292
0.229634639,29.1,260.1679998,0,-0.229634639
0.227683384,29.15,260.1180007,0,-0.227683384
0.223505284,29.2,260.0679998,0,-0.223505284
0.221281596,29.25,260.0179995,0,-0.221281596
0.217769261,29.3,259.9680009,0,-0.217769261
0.214232037,29.35,259.918,0,-0.214232037
0.21198012,29.4,259.8679998,0,-0.21198012
0.208155625,29.45,259.818,0,-0.208155625
0.205202234,29.5,259.7679995,0,-0.205202234
0.202349858,29.55,259.7180003,0,-0.202349858
0.198665225,29.6,259.6680002,0,-0.198665225
0.196036836,29.65,259.6180005,0,-0.196036836
0.192550046,29.7,259.5680005,0,-0.192550046
0.18948122,29.75,259.5179998,0,-0.18948122
0.186566754,29.8,259.4680002,0,-0.186566754
0.182894878,29.85,259.4179994,0,-0.182894878
0.180454472,29.9,259.3680002,0,-0.180454472
0.17643054,29.95,259.3179995,0,-0.17643054
0.174116689,30,259.2679997,0,-0.174116689
0.170406855,30.05,259.2180007,0,-0.170406855
0.167201552,30.1,259.1680001,0,-0.167201552
0.164398705,30.15,259.1179995,0,-0.164398705
0.161079474,30.2,259.0680001,0,-0.161079474
0.157575542,30.25,259.0179995,0,-0.157575542
0.155030063,30.3,258.9680004,0,-0.155030063
0.151029822,30.35,258.9179996,0,-0.151029822
0.148765233,30.4,258.8680004,0,-0.148765233
0.14463498,30.45,258.8180001,0,-0.14463498
0.142253779,30.5,258.7680006,0,-0.142253779
0.138445047,30.55,258.7180008,0,-0.138445047
0.135576076,30.6,258.6680006,0,-0.135576076
0.13229666,30.65,258.6180007,0,-0.13229666
0.129033188,30.7,258.5680007,0,-0.129033188
0.125687613,30.75,258.5179991,0,-0.125687613
0.123172986,30.8,258.4680004,0,-0.123172986
0.118803779,30.85,258.4180004,0,-0.118803779
0.116563656,30.9,258.3680002,0,-0.116563656
0.112902913,30.95,258.3180004,0,-0.112902913
0.109621467,31,258.2679997,0,-0.109621467
0.106815729,31.05,258.2180005,0,-0.106815729
0.102889611,31.1,258.168,0,-0.102889611
0.100315433,31.15,258.1179996,0,-0.100315433
0.096835463,31.2,258.0680004,0,-0.096835463
0.093258104,31.25,258.0179998,0,-0.093258104
0.090682266,31.3,257.9680001,0,-0.090682266
0.086793978,31.35,257.9180001,0,-0.086793978
0.083934168,31.4,257.8680002,0,-0.083934168
0.0805054,31.45,257.8180002,0,-0.0805054
0.077275339,31.5,257.7680001,0,-0.077275339
0.074047734,31.55,257.7179999,0,-0.074047734
0.070819112,31.6,257.6680004,0,-0.070819112
0.067213355,31.65,257.6179992,0,-0.067213355
0.064673063,31.7,257.5679998,0,-0.064673063
0.060619907,31.75,257.5180006,0,-0.060619907
0.057698475,31.8,257.4680007,0,-0.057698475
0.054324673,31.85,257.4179999,0,-0.054324673
0.051230636,31.9,257.3679997,0,-0.051230636
0.047699601,31.95,257.3179997,0,-0.047699601
0.044602964,32,257.2680004,0,-0.044602964
0.041005789,32.05,257.218,0,-0.041005789
0.038044327,32.1,257.1679995,0,-0.038044327
0.034681275,32.15,257.118,0,-0.034681275
0.031045412,32.2,257.0679994,0,-0.031045412
0.028267554,32.25,257.0179997,0,-0.028267554
0.0245328,32.3,256.9680002,0,-0.0245328
0.021293759,32.35,256.918,0,-0.021293759
0.018165443,32.4,256.8680001,0,-0.018165443
0.01463852,32.45,256.8180003,0,-0.01463852
0.011381404,32.5,256.7680003,0,-0.011381404
0.008009028,32.55,256.7179998,0,-0.008009028
0.004930059,32.6,256.6680006,0,-0.004930059
0.001038005,32.65,256.6180002,0,-0.001038005
0,32.7,256.5680141,1,0
0.010539889,32.75,256.5179997,1,0.010539889
0.002386828,32.8,256.4680008,1,0.002386828
0.016201536,32.85,256.4179995,1,0.016201536
0.01336617,32.9,256.3680006,1,0.01336617
0.019596344,32.95,256.3180006,1,0.019596344
0.021726251,33,256.2680007,1,0.021726251
0.025685528,33.05,256.2179996,1,0.025685528
0.028489128,33.1,256.1679999,1,0.028489128
0.032528046,33.15,256.1179994,1,0.032528046
0.035324001,33.2,256.0679993,1,0.035324001
0.038912588,33.25,256.0180003,1,0.038912588
0.042615287,33.3,255.9679999,1,0.042615287
0.045331584,33.35,255.9180005,1,0.045331584
0.049408033,33.4,255.8680006,1,0.049408033
0.052491168,33.45,255.8179993,1,0.052491168
0.05548118,33.5,255.7680006,1,0.05548118
0.059978764,33.55,255.7179995,1,0.059978764
0.062049665,33.6,255.6679997,1,0.062049665
0.066454441,33.65,255.618,1,0.066454441
0.069393113,33.7,255.5680005,1,0.069393113
0.073043214,33.75,255.5180004,1,0.073043214
0.076239598,33.8,255.4680004,1,0.076239598
0.079926344,33.85,255.4179998,1,0.079926344
0.082903466,33.9,255.3680006,1,0.082903466
0.087062458,33.95,255.318,1,0.087062458
0.089605496,34,255.2680007,1,0.089605496
0.093970835,34.05,255.2179999,1,0.093970835
0.096468832,34.1,255.1680005,1,0.096468832
0.10081808,34.15,255.1180001,1,0.10081808
0.103520142,34.2,255.0680003,1,0.103520142
0.107468188,34.25,255.0180003,1,0.107468188
0.110662831,34.3,254.9680004,1,0.110662831
0.114313183,34.35,254.918,1,0.114313183
0.117547998,34.4,254.8679997,1,0.117547998
0.121071828,34.45,254.8180007,1,0.121071828
0.12489494,34.5,254.7680003,1,0.12489494
0.127894172,34.55,254.7179994,1,0.127894172
0.131392251,34.6,254.6680003,1,0.131392251
0.135394634,34.65,254.6180002,1,0.135394634
0.1383339,34.7,254.5679998,1,0.1383339
0.141954975,34.75,254.5180002,1,0.141954975
0.145714574,34.8,254.468,1,0.145714574
0.148811536,34.85,254.4180001,1,0.148811536
0.152627538,34.9,254.3680003,1,0.152627538
0.156109031,34.95,254.3179994,1,0.156109031
0.1592578,35,254.2679997,1,0.1592578
0.163231554,35.05,254.2180001,1,0.163231554
0.166536712,35.1,254.1680003,1,0.166536712
0.170057688,35.15,254.1180003,1,0.170057688
0.17365464,35.2,254.0679999,1,0.17365464
0.177078045,35.25,254.0179996,1,0.177078045
0.180683207,35.3,253.9679995,1,0.180683207
0.184038337,35.35,253.9180007,1,0.184038337
0.188109755,35.4,253.8680004,1,0.188109755
0.19105384,35.45,253.8179996,1,0.19105384
0.19481146,35.5,253.7679996,1,0.19481146
0.198364969,35.55,253.7180005,1,0.198364969
0.202111989,35.6,253.6680006,1,0.202111989
0.20540015,35.65,253.6180005,1,0.20540015
0.209206447,35.7,253.5679994,1,0.209206447
0.212394419,35.75,253.5179994,1,0.212394419
0.216367992,35.8,253.4679998,1,0.216367992
0.219804534,35.85,253.4179998,1,0.219804534
0.223266855,35.9,253.3680001,1,0.223266855
0.227054944,35.95,253.3180002,1,0.227054944
0.230517639,36,253.2680001,1,0.230517639
0.234213772,36.05,253.2179994,1,0.234213772
0.237549478,36.1,253.1679995,1,0.237549478
0.241489865,36.15,253.1179996,1,0.241489865
0.244797616,36.2,253.0680004,1,0.244797616
0.248883664,36.25,253.0179994,1,0.248883664
0.251666523,36.3,252.968,1,0.251666523
0.256238243,36.35,252.9179998,1,0.256238243
0.259086134,36.4,252.8680002,1,0.259086134
0.263353866,36.45,252.8179993,1,0.263353866
0.266179978,36.5,252.7680005,1,0.266179978
0.270896765,36.55,252.7179999,1,0.270896765
0.273392109,36.6,252.6680004,1,0.273392109
0.278045751,36.65,252.6179997,1,0.278045751
0.280905039,36.7,252.5679993,1,0.280905039
0.284884761,36.75,252.5180002,1,0.284884761
0.288737138,36.8,252.4680004,1,0.288737138
0.29214428,36.85,252.4179997,1,0.29214428
0.295750675,36.9,252.3679995,1,0.295750675
0.299453799,36.95,252.3180007,1,0.299453799
0.303593587,37,252.268,1,0.303593587
0.30645746,37.05,252.2179999,1,0.30645746
0.310700306,37.1,252.1680007,1,0.310700306
0.314458404,37.15,252.118,1,0.314458404
0.317658838,37.2,252.0679997,1,0.317658838
0.321795124,37.25,252.0179995,1,0.321795124
0.325244124,37.3,251.9679996,1,0.325244124
0.328980675,37.35,251.9180006,1,0.328980675
0.333057109,37.4,251.8679999,1,0.333057109
0.336141725,37.45,251.8179996,1,0.336141725
0.340250291,37.5,251.7679999,1,0.340250291
0.344056772,37.55,251.7179995,1,0.344056772
0.347419031,37.6,251.6679995,1,0.347419031
0.351353449,37.65,251.6180004,1,0.351353449
0.355369109,37.7,251.568,1,0.355369109
0.358453896,37.75,251.5180004,1,0.358453896
0.362976797,37.8,251.4679996,1,0.362976797
0.365999885,37.85,251.4179993,1,0.365999885
0.370096954,37.9,251.3680003,1,0.370096954
0.374067049,37.95,251.3180002,1,0.374067049
0.377338097,38,251.2680006,1,0.377338097
0.381719504,38.05,251.2179994,1,0.381719504
0.384641768,38.1,251.168,1,0.384641768
0.389272957,38.15,251.1180005,1,0.389272957
0.392729291,38.2,251.0679996,1,0.392729291
0.39610857,38.25,251.0180004,1,0.39610857
0.400638914,38.3,250.9680007,1,0.400638914
0.40392628,38.35,250.9180006,1,0.40392628
0.40795289,38.4,250.8679999,1,0.40795289
0.411582589,38.45,250.8179993,1,0.411582589
0.415317877,38.5,250.7680004,1,0.415317877
0.419639809,38.55,250.7180005,1,0.419639809
0.423003245,38.6,250.6679994,1,0.423003245
0.426615608,38.65,250.6180003,1,0.426615608
0.431208645,38.7,250.5680004,1,0.431208645
0.434369596,38.75,250.5180001,1,0.434369596
0.438485377,38.8,250.4679998,1,0.438485377
0.442211672,38.85,250.418,1,0.442211672
0.446210515,38.9,250.368,1,0.446210515
0.449858968,38.95,250.3180005,1,0.449858968
0.453972014,39,250.2680006,1,0.453972014
0.457711155,39.05,250.2179998,1,0.457711155
0.461361783,39.1,250.1679999,1,0.461361783
0.465677712,39.15,250.1179996,1,0.465677712
0.469139734,39.2,250.0679994,1,0.469139734
0.473125143,39.25,250.0180004,1,0.473125143
0.477319951,39.3,249.9680005,1,0.477319951
0.480818546,39.35,249.9180003,1,0.480818546
0.484916602,39.4,249.868,1,0.484916602
0.488755285,39.45,249.8179998,1,0.488755285
0.492567958,39.5,249.7680004,1,0.492567958
0.49689459,39.55,249.7179996,1,0.49689459
0.50016576,39.6,249.6679994,1,0.50016576
0.504455348,39.65,249.6180005,1,0.504455348
0.508623491,39.7,249.5680003,1,0.508623491
0.512002284,39.75,249.5180004,1,0.512002284
0.516412273,39.8,249.4680002,1,0.516412273
0.520098241,39.85,249.4179998,1,0.520098241
0.524071623,39.9,249.3679997,1,0.524071623
0.528128464,39.95,249.3179996,1,0.528128464
0.531989592,40,249.2679994,1,0.531989592
0.535864708,40.05,249.2180002,1,0.535864708
0.540232842,40.1,249.168,1,0.540232842
0.543624235,40.15,249.1180003,1,0.543624235
0.548207377,40.2,249.0679997,1,0.548207377
0.551635277,40.25,249.0179995,1,0.551635277
0.555853904,40.3,248.9680006,1,0.555853904
0.560158534,40.35,248.9180005,1,0.560158534
0.563757119,40.4,248.8679994,1,0.563757119
0.567691425,40.45,248.8179995,1,0.567691425
0.572016899,40.5,248.7680001,1,0.572016899
0.575970779,40.55,248.7180002,1,0.575970779
0.579880471,40.6,248.6679998,1,0.579880471
0.583825318,40.65,248.6180003,1,0.583825318
0.588277912,40.7,248.5679997,1,0.588277912
0.591749054,40.75,248.5179994,1,0.591749054
0.596068202,40.8,248.4680002,1,0.596068202
0.600322127,40.85,248.4180002,1,0.600322127
0.604101212,40.9,248.3679993,1,0.604101212
0.608067002,40.95,248.3179994,1,0.608067002
0.612400825,41,248.2679999,1,0.612400825
0.616418984,41.05,248.2179998,1,0.616418984
0.620377163,41.1,248.1679996,1,0.620377163
0.624367207,41.15,248.1180006,1,0.624367207
0.628919795,41.2,248.0680006,1,0.628919795
0.63261702,41.25,248.0179996,1,0.63261702
0.636556012,41.3,247.9679999,1,0.636556012
0.641232832,41.35,247.9179996,1,0.641232832
0.644702529,41.4,247.8680002,1,0.644702529
0.649428092,41.45,247.818,1,0.649428092
0.653083026,41.5,247.7679996,1,0.653083026
0.657403215,41.55,247.7179995,1,0.657403215
0.661534374,41.6,247.6679994,1,0.661534374
0.665540166,41.65,247.6179999,1,0.665540166
0.669954352,41.7,247.5680001,1,0.669954352
0.673801247,41.75,247.5180005,1,0.673801247
0.67831543,41.8,247.4679999,1,0.67831543
0.682070593,41.85,247.4179995,1,0.682070593
0.68643699,41.9,247.3679997,1,0.68643699
0.690592039,41.95,247.3180006,1,0.690592039
0.695079847,42,247.2679996,1,0.695079847
0.698525231,42.05,247.2179998,1,0.698525231
0.703399828,42.1,247.1680003,1,0.703399828
0.707430191,42.15,247.118,1,0.707430191
0.711325984,42.2,247.0680004,1,0.711325984
0.716130163,42.25,247.0179996,1,0.716130163
0.719592968,42.3,246.9679997,1,0.719592968
0.724374912,42.35,246.9180005,1,0.724374912
0.728535577,42.4,246.8680006,1,0.728535577
0.732573767,42.45,246.8180004,1,0.732573767
0.737027331,42.5,246.7679996,1,0.737027331
0.740967245,42.55,246.7179996,1,0.740967245
0.745519996,42.6,246.6679999,1,0.745519996
0.749654562,42.65,246.6180002,1,0.749654562
0.753968977,42.7,246.5680002,1,0.753968977
0.758259639,42.75,246.5179996,1,0.758259639
0.762247283,42.8,246.4680001,1,0.762247283
0.76712369,42.85,246.4179995,1,0.76712369
0.770748878,42.9,246.3679995,1,0.770748878
0.775396857,42.95,246.3180003,1,0.775396857
0.779876072,43,246.2680001,1,0.779876072
0.783703964,43.05,246.2180003,1,0.783703964
0.788488913,43.1,246.1680002,1,0.788488913
0.792481874,43.15,246.118,1,0.792481874
0.796900619,43.2,246.0680005,1,0.796900619
0.801520914,43.25,246.0179998,1,0.801520914
0.805155226,43.3,245.9680006,1,0.805155226
0.81044344,43.35,245.9180004,1,0.81044344
0.814098038,43.4,245.8679997,1,0.814098038
0.818546944,43.45,245.818,1,0.818546944
0.823261184,43.5,245.768,1,0.823261184
0.827255981,43.55,245.7180003,1,0.827255981
0.831966473,43.6,245.6679999,1,0.831966473
0.835967814,43.65,245.6180001,1,0.835967814
0.84081447,43.7,245.5679998,1,0.84081447
0.844760861,43.75,245.5179999,1,0.844760861
0.849492798,43.8,245.4680002,1,0.849492798
0.853825092,43.85,245.4180003,1,0.853825092
0.858280733,43.9,245.3679996,1,0.858280733
0.862478196,43.95,245.3179996,1,0.862478196
0.867188654,44,245.2679998,1,0.867188654
0.871486276,44.05,245.2180002,1,0.871486276
0.876168163,44.1,245.1679996,1,0.876168163
0.8801579,44.15,245.1179995,1,0.8801579
0.884946548,44.2,245.0680004,1,0.884946548
0.889561014,44.25,245.0180004,1,0.889561014
0.893662841,44.3,244.9680005,1,0.893662841
0.898517645,44.35,244.9179998,1,0.898517645
0.902509313,44.4,244.8680003,1,0.902509313
0.907627662,44.45,244.8180003,1,0.907627662
0.911752143,44.5,244.7679997,1,0.911752143
0.916234579,44.55,244.7179995,1,0.916234579
0.920764985,44.6,244.6680005,1,0.920764985
0.925759791,44.65,244.6180001,1,0.925759791
0.929543609,44.7,244.568,1,0.929543609
0.934712785,44.75,244.5179996,1,0.934712785
0.938739222,44.8,244.4680001,1,0.938739222
0.943965771,44.85,244.4179993,1,0.943965771
0.947581205,44.9,244.368,1,0.947581205
0.953225434,44.95,244.3179999,1,0.953225434
0.956940853,45,244.2679999,1,0.956940853
0.962048897,45.05,244.2179996,1,0.962048897
0.96638,45.1,244.1679992,1,0.96638
0.970949648,45.15,244.1179997,1,0.970949648
0.975802767,45.2,244.0680001,1,0.975802767
0.980295939,45.25,244.0179999,1,0.980295939
0.984780086,45.3,243.968,1,0.984780086
0.989578985,45.35,243.9180004,1,0.989578985
0.994262062,45.4,243.8680003,1,0.994262062
0.998827194,45.45,243.8179995,1,0.998827194
1.003151396,45.5,243.7680004,1,1.003151396
1.008624823,45.55,243.7180002,1,1.008624823
1.012583792,45.6,243.6679993,1,1.012583792
1.017173966,45.65,243.6180005,1,1.017173966
1.022695475,45.7,243.5680006,1,1.022695475
1.0267187,45.75,243.5179994,1,1.0267187
1.03124044,45.8,243.4679998,1,1.03124044
1.036702647,45.85,243.4179995,1,1.036702647
1.040547134,45.9,243.3680004,1,1.040547134
1.046152916,45.95,243.3180004,1,1.046152916
1.050367411,46,243.2679991,1,1.050367411
1.054668958,46.05,243.2180005,1,1.054668958
1.060859305,46.1,243.1679994,1,1.060859305
1.063910402,46.15,243.1179991,1,1.063910402
1.069775423,46.2,243.0679994,1,1.069775423
1.074025734,46.25,243.0180008,1,1.074025734
1.079566556,46.3,242.9679998,1,1.079566556
1.083149981,46.35,242.9179999,1,1.083149981
1.089028931,46.4,242.8679999,1,1.089028931
1.093215534,46.45,242.8180002,1,1.093215534
1.098275757,46.5,242.7680008,1,1.098275757
1.103383658,46.55,242.7179993,1,1.103383658
1.107317979,46.6,242.6679994,1,1.107317979
1.113071698,46.65,242.6179999,1,1.113071698
1.117444994,46.7,242.5680008,1,1.117444994
1.122659373,46.75,242.5180006,1,1.122659373
1.127051916,46.8,242.4680008,1,1.127051916
1.132451478,46.85,242.4180002,1,1.132451478
1.136897542,46.9,242.3679997,1,1.136897542
1.141773193,46.95,242.3180008,1,1.141773193
1.147314533,47,242.2680008,1,1.147314533
1.151567643,47.05,242.2179999,1,1.151567643
1.156465585,47.1,242.1680006,1,1.156465585
1.162097432,47.15,242.118,1,1.162097432
1.166242747,47.2,242.0679995,1,1.166242747
1.171366006,47.25,242.0180005,1,1.171366006
1.177062817,47.3,241.9679996,1,1.177062817
1.180609199,47.35,241.9180006,1,1.180609199
1.187379549,47.4,241.8679992,1,1.187379549
1.190493247,47.45,241.8179992,1,1.190493247
1.196792166,47.5,241.768,1,1.196792166
1.201570194,47.55,241.7179992,1,1.201570194
1.205807609,47.6,241.6680003,1,1.205807609
1.212144525,47.65,241.6179998,1,1.212144525
1.215819669,47.7,241.5680002,1,1.215819669
1.222038436,47.75,241.5179994,1,1.222038436
1.225985209,47.8,241.4679999,1,1.225985209
1.231982323,47.85,241.4180003,1,1.231982323
1.236577468,47.9,241.3680001,1,1.236577468
1.241606501,47.95,241.3180005,1,1.241606501
1.247222681,48,241.2679993,1,1.247222681
1.251397099,48.05,241.2179993,1,1.251397099
1.257349112,48.1,241.1679996,1,1.257349112
1.262099553,48.15,241.1179996,1,1.262099553
1.267291586,48.2,241.0679994,1,1.267291586
1.272302008,48.25,241.0179997,1,1.272302008
1.277532509,48.3,240.9680007,1,1.277532509
1.283079822,48.35,240.9180001,1,1.283079822
1.287391324,48.4,240.8680004,1,1.287391324
1.293574005,48.45,240.8179994,1,1.293574005
1.297724243,48.5,240.7679997,1,1.297724243
1.303690855,48.55,240.7180005,1,1.303690855
1.308854757,48.6,240.6679999,1,1.308854757
1.313547745,48.65,240.6179996,1,1.313547745
1.31924348,48.7,240.5679995,1,1.31924348
1.324182134,48.75,240.5180003,1,1.324182134
1.329976597,48.8,240.4679996,1,1.329976597
1.334379703,48.85,240.4179996,1,1.334379703
1.34037349,48.9,240.3679998,1,1.34037349
1.3454471,48.95,240.3179993,1,1.3454471
1.350327593,49,240.2680001,1,1.350327593
1.356526006,49.05,240.2179997,1,1.356526006
1.360859818,49.1,240.1679996,1,1.360859818
1.366787291,49.15,240.1179999,1,1.366787291
1.372083677,49.2,240.0679994,1,1.372083677
1.376971877,49.25,240.018,1,1.376971877
1.383001118,49.3,239.9680001,1,1.383001118
1.387915561,49.35,239.9179998,1,1.387915561
1.3932485,49.4,239.8680003,1,1.3932485
1.399220235,49.45,239.8179995,1,1.399220235
1.403538444,49.5,239.7680005,1,1.403538444
1.410254628,49.55,239.7180007,1,1.410254628
1.414763852,49.6,239.6680003,1,1.414763852
1.420483979,49.65,239.618,1,1.420483979
1.425832099,49.7,239.5680005,1,1.425832099
1.43165152,49.75,239.5180001,1,1.43165152
1.436444772,49.8,239.4680007,1,1.436444772
1.44294882,49.85,239.4179995,1,1.44294882
1.447124095,49.9,239.3679996,1,1.447124095
1.453653779,49.95,239.3180005,1,1.453653779
1.459160532,50,239.2679994,1,1.459160532
1.463629189,50.05,239.2180003,1,1.463629189
1.47076703,50.1,239.1679997,1,1.47076703
1.474775767,50.15,239.118,1,1.474775767
1.48158368,50.2,239.0679993,1,1.48158368
1.486141288,50.25,239.0179997,1,1.486141288
1.49257423,50.3,238.9679996,1,1.49257423
1.497561262,50.35,238.9179998,1,1.497561262
1.503554659,50.4,238.8680001,1,1.503554659
1.508990632,50.45,238.8180003,1,1.508990632
1.514882869,50.5,238.7679997,1,1.514882869
1.519933904,50.55,238.7180003,1,1.519933904
1.52650873,50.6,238.668,1,1.52650873
1.531409165,50.65,238.6179995,1,1.531409165
1.537248105,50.7,238.5680001,1,1.537248105
1.543454199,50.75,238.518,1,1.543454199
1.548609309,50.8,238.4679994,1,1.548609309
1.55430014,50.85,238.4180002,1,1.55430014
1.560760213,50.9,238.3679999,1,1.560760213
1.565537978,50.95,238.3180005,1,1.565537978
1.572362788,51,238.2679995,1,1.572362788
1.576885171,51.05,238.2180002,1,1.576885171
1.584054611,51.1,238.168,1,1.584054611
1.588730349,51.15,238.1180001,1,1.588730349
1.595299786,51.2,238.0679999,1,1.595299786
1.600589776,51.25,238.0180004,1,1.600589776
1.60711807,51.3,237.9679997,1,1.60711807
1.612055134,51.35,237.918,1,1.612055134
1.618765197,51.4,237.8680006,1,1.618765197
1.624459408,51.45,237.818,1,1.624459408
1.629869452,51.5,237.7680003,1,1.629869452
1.636682062,51.55,237.7179995,1,1.636682062
1.641434145,51.6,237.6680005,1,1.641434145
1.648812136,51.65,237.6180002,1,1.648812136
1.653411471,51.7,237.5680006,1,1.653411471
1.660498483,51.75,237.5180001,1,1.660498483
1.665709032,51.8,237.4679998,1,1.665709032
1.672124353,51.85,237.4179995,1,1.672124353
1.677773652,51.9,237.3680006,1,1.677773652
1.684777194,51.95,237.3179993,1,1.684777194
1.68928383,52,237.2679994,1,1.68928383
1.696663987,52.05,237.218,1,1.696663987
1.702190258,52.1,237.1680004,1,1.702190258
1.708489595,52.15,237.1180002,1,1.708489595
1.714438224,52.2,237.0679997,1,1.714438224
1.720405521,52.25,237.0180005,1,1.720405521
1.727227699,52.3,236.9680003,1,1.727227699
1.732539059,52.35,236.9180006,1,1.732539059
1.739446049,52.4,236.8680003,1,1.739446049
1.745040151,52.45,236.8180006,1,1.745040151
1.751926768,52.5,236.7679997,1,1.751926768
1.7573567,52.55,236.7179994,1,1.7573567
1.764103389,52.6,236.6679998,1,1.764103389
1.770284993,52.65,236.6180005,1,1.770284993
1.776744904,52.7,236.568,1,1.776744904
1.782577767,52.75,236.5179997,1,1.782577767
1.789246132,52.8,236.4679995,1,1.789246132
1.79530467,52.85,236.4180003,1,1.79530467
1.802159737,52.9,236.3680001,1,1.802159737
1.807942243,52.95,236.3179997,1,1.807942243
1.814498861,53,236.268,1,1.814498861
1.821189024,53.05,236.2179997,1,1.821189024
1.827134859,53.1,236.1679997,1,1.827134859
1.834027756,53.15,236.1179993,1,1.834027756
1.839741821,53.2,236.0680005,1,1.839741821
1.847508844,53.25,236.018,1,1.847508844
1.852389983,53.3,235.9680006,1,1.852389983
1.860262593,53.35,235.9180007,1,1.860262593
1.866099009,53.4,235.8680001,1,1.866099009
1.872680861,53.45,235.8179996,1,1.872680861
1.879320274,53.5,235.7679995,1,1.879320274
1.885691908,53.55,235.7180007,1,1.885691908
1.893231997,53.6,235.6679995,1,1.893231997
1.898239588,53.65,235.6179994,1,1.898239588
1.906246976,53.7,235.5679994,1,1.906246976
1.912152307,53.75,235.5179998,1,1.912152307
1.91933071,53.8,235.4679995,1,1.91933071
1.925502524,53.85,235.4179995,1,1.925502524
1.932621304,53.9,235.3679996,1,1.932621304
1.939151637,53.95,235.3179996,1,1.939151637
1.94583361,54,235.2680004,1,1.94583361
1.953056292,54.05,235.2180002,1,1.953056292
1.95915381,54.1,235.1680006,1,1.95915381
1.966662824,54.15,235.1180004,1,1.966662824
1.972978705,54.2,235.0680002,1,1.972978705
1.980130264,54.25,235.0179999,1,1.980130264
1.986703824,54.3,234.9680003,1,1.986703824
1.994158578,54.35,234.9179998,1,1.994158578
2.00028523,54.4,234.8680001,1,2.00028523
2.008099687,54.45,234.8179996,1,2.008099687
2.014041707,54.5,234.7680005,1,2.014041707
2.022153146,54.55,234.7180008,1,2.022153146
2.028589641,54.6,234.6679996,1,2.028589641
2.035245705,54.65,234.6179993,1,2.035245705
2.042832746,54.7,234.5679999,1,2.042832746
2.050043692,54.75,234.5179994,1,2.050043692
2.056456756,54.8,234.4679994,1,2.056456756
2.064159866,54.85,234.4179996,1,2.064159866
2.071062426,54.9,234.3679999,1,2.071062426
2.078503967,54.95,234.3179992,1,2.078503967
2.084809718,55,234.2680004,1,2.084809718
2.093567383,55.05,234.2180002,1,2.093567383
2.09922798,55.1,234.1680003,1,2.09922798
2.107478588,55.15,234.1180005,1,2.107478588
2.11445293,55.2,234.0680005,1,2.11445293
2.121840642,55.25,234.0179998,1,2.121840642
2.128959105,55.3,233.9679994,1,2.128959105
2.136355202,55.35,233.918,1,2.136355202
2.144086127,55.4,233.8680004,1,2.144086127
2.151179072,55.45,233.8180006,1,2.151179072
2.158889015,55.5,233.7679998,1,2.158889015
2.165738931,55.55,233.718,1,2.165738931
2.173991406,55.6,233.6680002,1,2.173991406
2.181251061,55.65,233.6179995,1,2.181251061
2.188134922,55.7,233.5680004,1,2.188134922
2.197056582,55.75,233.5180001,1,2.197056582
2.203383167,55.8,233.4679997,1,2.203383167
2.211628328,55.85,233.4179996,1,2.211628328
2.218975138,55.9,233.3680004,1,2.218975138
2.227292096,55.95,233.318,1,2.227292096
2.234051845,56,233.268,1,2.234051845
2.242464836,56.05,233.2180004,1,2.242464836
2.2503853,56.1,233.1679995,1,2.2503853
2.2570576,56.15,233.1180002,1,2.2570576
2.266609652,56.2,233.0679996,1,2.266609652
2.272535875,56.25,233.0180005,1,2.272535875
2.282243478,56.3,232.9680006,1,2.282243478
2.289075195,56.35,232.9179998,1,2.289075195
2.296814137,56.4,232.8680006,1,2.296814137
2.306150694,56.45,232.8179997,1,2.306150694
2.312433536,56.5,232.7679995,1,2.312433536
2.321526647,56.55,232.7180002,1,2.321526647
2.329576659,56.6,232.6680003,1,2.329576659
2.337267471,56.65,232.6180004,1,2.337267471
2.346006796,56.7,232.5679992,1,2.346006796
2.35297991,56.75,232.5179999,1,2.35297991
2.362900681,56.8,232.4679995,1,2.362900681
2.369509123,56.85,232.4179998,1,2.369509123
2.379050288,56.9,232.3679994,1,2.379050288
2.386229864,56.95,232.318,1,2.386229864
2.395690961,57,232.268,1,2.395690961
2.403303941,57.05,232.2179996,1,2.403303941
2.411674128,57.1,232.1680004,1,2.411674128
2.420944386,57.15,232.1180001,1,2.420944386
2.428306107,57.2,232.0680006,1,2.428306107
2.438106183,57.25,232.0179995,1,2.438106183
2.444922888,57.3,231.9680005,1,2.444922888
2.45583974,57.35,231.9179995,1,2.45583974
2.462068652,57.4,231.8679996,1,2.462068652
2.472415977,57.45,231.818,1,2.472415977
2.480635961,57.5,231.7679997,1,2.480635961
2.488891477,57.55,231.7180004,1,2.488891477
2.498776676,57.6,231.6680001,1,2.498776676
2.506523044,57.65,231.6179998,1,2.506523044
2.516086494,57.7,231.5679994,1,2.516086494
2.524529537,57.75,231.5179995,1,2.524529537
2.533909839,57.8,231.4679997,1,2.533909839
2.542779609,57.85,231.4179996,1,2.542779609
2.551674266,57.9,231.3679994,1,2.551674266
2.560591562,57.95,231.3180006,1,2.560591562
2.570711154,58,231.2680005,1,2.570711154
2.578891245,58.05,231.2179994,1,2.578891245
2.587898758,58.1,231.1680003,1,2.587898758
2.598513273,58.15,231.1180004,1,2.598513273
2.606794513,58.2,231.0679995,1,2.606794513
2.616036979,58.25,231.0179995,1,2.616036979
2.626083603,58.3,230.9679998,1,2.626083603
2.635145248,58.35,230.9180005,1,2.635145248
2.644890524,58.4,230.868001,1,2.644890524
2.654859635,58.45,230.8179994,1,2.654859635
2.662712405,58.5,230.7680004,1,2.662712405
2.675106729,58.55,230.7179999,1,2.675106729
2.682456195,58.6,230.6679995,1,2.682456195
2.693190419,58.65,230.6180002,1,2.693190419
2.703636884,58.7,230.5679996,1,2.703636884
2.711986168,58.75,230.5180001,1,2.711986168
2.723821418,58.8,230.4679991,1,2.723821418
2.731431348,58.85,230.4180005,1,2.731431348
2.744326072,58.9,230.3680004,1,2.744326072
2.75230327,58.95,230.3179996,1,2.75230327
2.762783409,59,230.2680005,1,2.762783409
2.774284184,59.05,230.2180002,1,2.774284184
2.783032093,59.1,230.1680001,1,2.783032093
2.794247849,59.15,230.1180003,1,2.794247849
2.804424084,59.2,230.0680007,1,2.804424084
2.815249198,59.25,230.0180004,1,2.815249198
2.825189976,59.3,229.9680003,1,2.825189976
2.836414966,59.35,229.918,1,2.836414966
2.846411945,59.4,229.8680006,1,2.846411945
2.858429979,59.45,229.8179997,1,2.858429979
2.867121035,59.5,229.7680009,1,2.867121035
2.880826336,59.55,229.7180004,1,2.880826336
2.889455626,59.6,229.6679995,1,2.889455626
2.900976776,59.65,229.6180006,1,2.900976776
2.913442806,59.7,229.5680008,1,2.913442806
2.923115527,59.75,229.5180006,1,2.923115527
2.935131201,59.8,229.4680003,1,2.935131201
2.946227795,59.85,229.4180003,1,2.946227795
2.958177082,59.9,229.3679993,1,2.958177082
2.968149774,59.95,229.3180008,1,2.968149774
2.982908396,60,229.2679992,1,2.982908396
